<?xml version="1.0" encoding="UTF-8"?>
	<sitemap>
		<url>
			<loc>https://wiprodigital.com/xmlrpc.php</loc>
		</url>
		<url>
			<loc>https://wiprodigital.com/</loc>
		</url>
		<url>
			<loc>https://plus.google.com/+Wiprodigital</loc>
		</url>
		<url>
			<loc>//s.w.org</loc>
		</url>
		<url>
			<loc>https://s17776.pcdn.co/wp-content/themes/wiprodigital/style.css?ver=1533667894</loc>
		</url>
		<url>
			<loc>https://wiprodigital.com/wp-json/</loc>
		</url>
		<url>
			<loc>https://wiprodigital.com/xmlrpc.php?rsd</loc>
		</url>
		<url>
			<loc>https://s17776.pcdn.co/wp-includes/wlwmanifest.xml</loc>
		</url>
		<url>
			<loc>https://wiprodigital.com/wp-json/oembed/1.0/embed?url=https%3A%2F%2Fwiprodigital.com%2F</loc>
		</url>
		<url>
			<loc>https://wiprodigital.com/wp-json/oembed/1.0/embed?url=https%3A%2F%2Fwiprodigital.com%2F&#038;format=xml</loc>
		</url>
		<image>
			<loc>https://s17776.pcdn.co/wp-content/uploads/2016/08/Fav_icon_144x144.png</loc>
		</image>
		<script>
			<loc>https://s17776.pcdn.co/wp-content/themes/wiprodigital/scripts/jquery-1.12.0.min.js</loc>
		</script>
		<script>
			<loc>https://s17776.pcdn.co/wp-content/themes/wiprodigital/scripts/bootstrap.min.js</loc>
		</script>
		<script>
			<loc>https://s17776.pcdn.co/wp-content/themes/wiprodigital/scripts/inview.js</loc>
		</script>
		<script>
			<loc>https://s17776.pcdn.co/wp-content/themes/wiprodigital/scripts/modernizr.min.js</loc>
		</script>
		<script>
			<loc>https://s17776.pcdn.co/wp-content/themes/wiprodigital/scripts/jquery.slicknav.min.js</loc>
		</script>
		<script>
			<loc>https://s17776.pcdn.co/wp-content/themes/wiprodigital/scripts/wiprodigital.js</loc>
		</script>
		<script>
			<loc>https://s17776.pcdn.co/wp-content/themes/wiprodigital/scripts/mason.js</loc>
		</script>
		<script>
			<loc>https://s17776.pcdn.co/wp-content/themes/wiprodigital/scripts/wdhome.js</loc>
		</script>
		<image>
			<loc>https://s17776.pcdn.co/wp-content/uploads/2016/06/blueprint-e1464977489331-1024x578.png</loc>
		</image>
		<url>
			<loc>https://wiprodigital.com</loc>
		</url>
		<url>
			<loc>https://wiprodigital.com/who-we-are</loc>
		</url>
		<url>
			<loc>https://wiprodigital.com/who-we-are/#wdteam-vid</loc>
		</url>
		<url>
			<loc>https://wiprodigital.com/who-we-are#wdteam_meetus</loc>
		</url>
		<url>
			<loc>https://wiprodigital.com/who-we-are#wdteam_leaders</loc>
		</url>
		<url>
			<loc>https://wiprodigital.com/what-we-do</loc>
		</url>
		<url>
			<loc>https://wiprodigital.com/what-we-do#work-three-circles-row</loc>
		</url>
		<url>
			<loc>https://wiprodigital.com/what-we-do#wdwork_cases</loc>
		</url>
		<url>
			<loc>https://wiprodigital.com/what-we-do#wdwork_partners</loc>
		</url>
		<url>
			<loc>https://wiprodigital.com/what-we-think</loc>
		</url>
		<url>
			<loc>https://wiprodigital.com/?s=&post_type[]=post</loc>
		</url>
		<url>
			<loc>https://wiprodigital.com/?s=&post_type[]=cases</loc>
		</url>
		<url>
			<loc>https://wiprodigital.com/?s=&post_type[]=events</loc>
		</url>
		<url>
			<loc>https://wiprodigital.com/?s=&post_type[]=news</loc>
		</url>
		<url>
			<loc>https://wiprodigital.com/join-our-team</loc>
		</url>
		<url>
			<loc>https://wiprodigital.com/join-our-team#wdwork-vid</loc>
		</url>
		<url>
			<loc>https://wiprodigital.com/join-our-team#wdcareers_team</loc>
		</url>
		<url>
			<loc>https://wiprodigital.com/join-our-team#wdcareers_jobs</loc>
		</url>
		<url>
			<loc>https://wiprodigital.com/get-in-touch</loc>
		</url>
		<url>
			<loc>https://wiprodigital.com/get-in-touch#wddi-locations</loc>
		</url>
		<url>
			<loc>https://wiprodigital.com/get-in-touch#wddi-contact</loc>
		</url>
		<url>
			<loc>https://wiprodigital.com/cases/delivering-an-exceptional-mortgage-customer-experience-for-allied-irish-bank/</loc>
		</url>
		<url>
			<loc>https://wiprodigital.com/2018/10/16/design-against-unhealthy-sound/</loc>
		</url>
		<url>
			<loc>https://wiprodigital.com/2018/08/07/making-financial-advice-affordable-to-the-masses-in-the-age-of-digitalisation/</loc>
		</url>
		<url>
			<loc>https://wiprodigital.com/events/meet-wipro-digital-at-pega-customer-engagement-summit-2018/</loc>
		</url>
		<url>
			<loc>https://wiprodigital.com/2018/10/30/common-senses-designing-for-accessibility/</loc>
		</url>
		<url>
			<loc>https://wiprodigital.com/news/the-state-of-martech-study/</loc>
		</url>
		<url>
			<loc>https://wiprodigital.com/2018/08/09/turning-data-into-consumer-growth/</loc>
		</url>
		<url>
			<loc>https://wiprodigital.com/2018/08/30/rethinking-service-blueprints-for-agile-delivery/</loc>
		</url>
		<url>
			<loc>https://wiprodigital.com/2018/10/04/three-ways-to-navigate-your-data-science-journey/</loc>
		</url>
		<url>
			<loc>https://wiprodigital.com/cases/a-design-system-to-enable-future-growth/</loc>
		</url>
		<url>
			<loc>https://wiprodigital.com/cases/progressive-metering-a-utilitys-strategic-move-into-predictive-planning/</loc>
		</url>
		<url>
			<loc>https://wiprodigital.com/case-study-redefining-newborn-care-for-volusense/</loc>
		</url>
		<url>
			<loc>https://wiprodigital.com/cases/case-study-speaking-from-the-heart/</loc>
		</url>
		<url>
			<loc>https://wiprodigital.com/cases/in24/</loc>
		</url>
		<url>
			<loc>https://wiprodigital.com/events/nate-clinton-managing-director-cooper-at-sf-design-week-2018/</loc>
		</url>
		<url>
			<loc>https://wiprodigital.com/events/join-wipro-digital-for-two-iot-panels-at-world-economic-forum-wef/</loc>
		</url>
		<url>
			<loc>https://wiprodigital.com/events/wipro-digital-designit-at-idc-european-digital-executive-summit-2018/</loc>
		</url>
		<url>
			<loc>https://wiprodigital.com/events/wipro-digital-is-a-platinum-sponsor-at-springone-platform-2018/</loc>
		</url>
		<url>
			<loc>https://wiprodigital.com/events/teresa-brazen-senior-director-cooper-at-design-thinking-2018/</loc>
		</url>
		<url>
			<loc>https://wiprodigital.com/news/wipro-digital-wins-2-silver-and-1-bronze-at-the-uk-digital-experience-awards-2018/</loc>
		</url>
		<url>
			<loc>https://wiprodigital.com/news/wipro-digital-acquire-cooper-leader-ux-interaction-design-expand-designits-capabilities/</loc>
		</url>
		<url>
			<loc>https://wiprodigital.com/news/wipro-named-global-leader-digital-transformation-strategy-consulting/</loc>
		</url>
		<url>
			<loc>https://wiprodigital.com/news/new-survey-highlights-leadership-crisis-digital-transformation/</loc>
		</url>
		<url>
			<loc>https://wiprodigital.com/news/pacs-european-trend-study-digital-industrial-revolution-with-predictive-maintenance/</loc>
		</url>
		<url>
			<loc>https://wiprodigital.com/designit-approach/</loc>
		</url>
		<url>
			<loc>https://wiprodigital.com/designit-approach</loc>
		</url>
		<url>
			<loc>https://www.facebook.com/WiproDigital/</loc>
		</url>
		<url>
			<loc>https://twitter.com/wiprodigital</loc>
		</url>
		<url>
			<loc>https://www.linkedin.com/company/wipro-digital</loc>
		</url>
		<url>
			<loc>https://wiprodigital.com/privacy-policy</loc>
		</url>
	</sitemap>